{
    "items":[
        {"name":"Lorem Ipsum", "desc":"Lorem Ipsum", "desc2":"Lorem Ipsum", "price":"Lorem Ipsum", "picture":"images/cakes.png"},
		
		{"name":"Lorem Ipsum", "desc":"Lorem Ipsum", "desc2":"Lorem Ipsum", "price":"Lorem Ipsum", "picture":"images/cakes.png"},
		
		{"name":"Lorem Ipsum", "desc":"Lorem Ipsum", "desc2":"Lorem Ipsum", "price":"Lorem Ipsum", "picture":"images/cakes.png"},
		
		{"name":"Lorem Ipsum", "desc":"Lorem Ipsum", "desc2":"Lorem Ipsum", "price":"Lorem Ipsum", "picture":"images/cakes.png"},
    ]
}